brand,palette_id,version,code,hex,r,g,b,family,source,source_url,last_checked,confidence
MARD,mard221,mard221-public-page-draft-2026-05-17,A1,#FAF4C8,250,244,200,cream,reference-page,https://bitbead.pomodiary.com/zh/colors/mard,2026-05-17,medium
MARD,mard221,mard221-public-page-draft-2026-05-17,A2,#FFFFD5,255,255,213,cream,reference-page,https://bitbead.pomodiary.com/zh/colors/mard,2026-05-17,medium
MARD,mard221,mard221-public-page-draft-2026-05-17,A3,#FEFF8B,254,255,139,yellow,reference-page,https://bitbead.pomodiary.com/zh/colors/mard,2026-05-17,medium
MARD,mard221,mard221-public-page-draft-2026-05-17,A4,#FBED56,251,237,86,yellow,reference-page,https://bitbead.pomodiary.com/zh/colors/mard,2026-05-17,medium
MARD,mard221,mard221-public-page-draft-2026-05-17,A5,#F4D738,244,215,56,yellow,reference-page,https://bitbead.pomodiary.com/zh/colors/mard,2026-05-17,medium
MARD,mard221,mard221-public-page-draft-2026-05-17,A6,#FEAC4C,254,172,76,orange,reference-page,https://bitbead.pomodiary.com/zh/colors/mard,2026-05-17,medium
MARD,mard221,mard221-public-page-draft-2026-05-17,A7,#FE8B4C,254,139,76,orange,reference-page,https://bitbead.pomodiary.com/zh/colors/mard,2026-05-17,medium
MARD,mard221,mard221-public-page-draft-2026-05-17,A8,#FFDA45,255,218,69,yellow,reference-page,https://bitbead.pomodiary.com/zh/colors/mard,2026-05-17,medium
MARD,mard221,mard221-public-page-draft-2026-05-17,A9,#FF995B,255,153,91,orange,reference-page,https://bitbead.pomodiary.com/zh/colors/mard,2026-05-17,medium
MARD,mard221,mard221-public-page-draft-2026-05-17,A10,#F77C31,247,124,49,orange,reference-page,https://bitbead.pomodiary.com/zh/colors/mard,2026-05-17,medium
MARD,mard221,mard221-public-page-draft-2026-05-17,A11,#FFDD99,255,221,153,orange,reference-page,https://bitbead.pomodiary.com/zh/colors/mard,2026-05-17,medium
MARD,mard221,mard221-public-page-draft-2026-05-17,A12,#FE9F72,254,159,114,orange,reference-page,https://bitbead.pomodiary.com/zh/colors/mard,2026-05-17,medium
MARD,mard221,mard221-public-page-draft-2026-05-17,A13,#FFC365,255,195,101,orange,reference-page,https://bitbead.pomodiary.com/zh/colors/mard,2026-05-17,medium
MARD,mard221,mard221-public-page-draft-2026-05-17,A14,#FD543D,253,84,61,red,reference-page,https://bitbead.pomodiary.com/zh/colors/mard,2026-05-17,medium
MARD,mard221,mard221-public-page-draft-2026-05-17,A15,#FFF365,255,243,101,yellow,reference-page,https://bitbead.pomodiary.com/zh/colors/mard,2026-05-17,medium
MARD,mard221,mard221-public-page-draft-2026-05-17,A16,#FFFF9F,255,255,159,yellow,reference-page,https://bitbead.pomodiary.com/zh/colors/mard,2026-05-17,medium
MARD,mard221,mard221-public-page-draft-2026-05-17,A17,#FFE36E,255,227,110,yellow,reference-page,https://bitbead.pomodiary.com/zh/colors/mard,2026-05-17,medium
MARD,mard221,mard221-public-page-draft-2026-05-17,A18,#FEBE7D,254,190,125,orange,reference-page,https://bitbead.pomodiary.com/zh/colors/mard,2026-05-17,medium
MARD,mard221,mard221-public-page-draft-2026-05-17,A19,#FD7C72,253,124,114,red,reference-page,https://bitbead.pomodiary.com/zh/colors/mard,2026-05-17,medium
MARD,mard221,mard221-public-page-draft-2026-05-17,A20,#FFD568,255,213,104,orange,reference-page,https://bitbead.pomodiary.com/zh/colors/mard,2026-05-17,medium
MARD,mard221,mard221-public-page-draft-2026-05-17,A21,#FFE395,255,227,149,orange,reference-page,https://bitbead.pomodiary.com/zh/colors/mard,2026-05-17,medium
MARD,mard221,mard221-public-page-draft-2026-05-17,A22,#F4F57D,244,245,125,yellow,reference-page,https://bitbead.pomodiary.com/zh/colors/mard,2026-05-17,medium
MARD,mard221,mard221-public-page-draft-2026-05-17,A23,#E6C9B7,230,201,183,peach,reference-page,https://bitbead.pomodiary.com/zh/colors/mard,2026-05-17,medium
MARD,mard221,mard221-public-page-draft-2026-05-17,A24,#F7F8A2,247,248,162,yellow,reference-page,https://bitbead.pomodiary.com/zh/colors/mard,2026-05-17,medium
MARD,mard221,mard221-public-page-draft-2026-05-17,A25,#FFD67D,255,214,125,orange,reference-page,https://bitbead.pomodiary.com/zh/colors/mard,2026-05-17,medium
MARD,mard221,mard221-public-page-draft-2026-05-17,A26,#FFC830,255,200,48,orange,reference-page,https://bitbead.pomodiary.com/zh/colors/mard,2026-05-17,medium
MARD,mard221,mard221-public-page-draft-2026-05-17,B1,#E6EE31,230,238,49,yellow,reference-page,https://bitbead.pomodiary.com/zh/colors/mard,2026-05-17,medium
MARD,mard221,mard221-public-page-draft-2026-05-17,B2,#63F347,99,243,71,green,reference-page,https://bitbead.pomodiary.com/zh/colors/mard,2026-05-17,medium
MARD,mard221,mard221-public-page-draft-2026-05-17,B3,#9EF780,158,247,128,green,reference-page,https://bitbead.pomodiary.com/zh/colors/mard,2026-05-17,medium
MARD,mard221,mard221-public-page-draft-2026-05-17,B4,#5DE035,93,224,53,green,reference-page,https://bitbead.pomodiary.com/zh/colors/mard,2026-05-17,medium
MARD,mard221,mard221-public-page-draft-2026-05-17,B5,#35E352,53,227,82,green,reference-page,https://bitbead.pomodiary.com/zh/colors/mard,2026-05-17,medium
MARD,mard221,mard221-public-page-draft-2026-05-17,B6,#65E2A6,101,226,166,green,reference-page,https://bitbead.pomodiary.com/zh/colors/mard,2026-05-17,medium
MARD,mard221,mard221-public-page-draft-2026-05-17,B7,#3DAF80,61,175,128,cyan,reference-page,https://bitbead.pomodiary.com/zh/colors/mard,2026-05-17,medium
MARD,mard221,mard221-public-page-draft-2026-05-17,B8,#1C9C4F,28,156,79,green,reference-page,https://bitbead.pomodiary.com/zh/colors/mard,2026-05-17,medium
MARD,mard221,mard221-public-page-draft-2026-05-17,B9,#27523A,39,82,58,green,reference-page,https://bitbead.pomodiary.com/zh/colors/mard,2026-05-17,medium
MARD,mard221,mard221-public-page-draft-2026-05-17,B10,#95D3C2,149,211,194,cyan,reference-page,https://bitbead.pomodiary.com/zh/colors/mard,2026-05-17,medium
MARD,mard221,mard221-public-page-draft-2026-05-17,B11,#5D722A,93,114,42,olive,reference-page,https://bitbead.pomodiary.com/zh/colors/mard,2026-05-17,medium
MARD,mard221,mard221-public-page-draft-2026-05-17,B12,#166F41,22,111,65,green,reference-page,https://bitbead.pomodiary.com/zh/colors/mard,2026-05-17,medium
MARD,mard221,mard221-public-page-draft-2026-05-17,B13,#CAEB7B,202,235,123,olive,reference-page,https://bitbead.pomodiary.com/zh/colors/mard,2026-05-17,medium
MARD,mard221,mard221-public-page-draft-2026-05-17,B14,#ADE946,173,233,70,olive,reference-page,https://bitbead.pomodiary.com/zh/colors/mard,2026-05-17,medium
MARD,mard221,mard221-public-page-draft-2026-05-17,B15,#2E5132,46,81,50,green,reference-page,https://bitbead.pomodiary.com/zh/colors/mard,2026-05-17,medium
MARD,mard221,mard221-public-page-draft-2026-05-17,B16,#C5ED9C,197,237,156,olive,reference-page,https://bitbead.pomodiary.com/zh/colors/mard,2026-05-17,medium
MARD,mard221,mard221-public-page-draft-2026-05-17,B17,#9BB13A,155,177,58,olive,reference-page,https://bitbead.pomodiary.com/zh/colors/mard,2026-05-17,medium
MARD,mard221,mard221-public-page-draft-2026-05-17,B18,#E6EE49,230,238,73,yellow,reference-page,https://bitbead.pomodiary.com/zh/colors/mard,2026-05-17,medium
MARD,mard221,mard221-public-page-draft-2026-05-17,B19,#24B88C,36,184,140,cyan,reference-page,https://bitbead.pomodiary.com/zh/colors/mard,2026-05-17,medium
MARD,mard221,mard221-public-page-draft-2026-05-17,B20,#C2F0CC,194,240,204,green,reference-page,https://bitbead.pomodiary.com/zh/colors/mard,2026-05-17,medium
MARD,mard221,mard221-public-page-draft-2026-05-17,B21,#156A6B,21,106,107,cyan,reference-page,https://bitbead.pomodiary.com/zh/colors/mard,2026-05-17,medium
MARD,mard221,mard221-public-page-draft-2026-05-17,B22,#0B3C43,11,60,67,cyan,reference-page,https://bitbead.pomodiary.com/zh/colors/mard,2026-05-17,medium
MARD,mard221,mard221-public-page-draft-2026-05-17,B23,#303A21,48,58,33,olive,reference-page,https://bitbead.pomodiary.com/zh/colors/mard,2026-05-17,medium
MARD,mard221,mard221-public-page-draft-2026-05-17,B24,#EEFCA5,238,252,165,olive,reference-page,https://bitbead.pomodiary.com/zh/colors/mard,2026-05-17,medium
MARD,mard221,mard221-public-page-draft-2026-05-17,B25,#4E846D,78,132,109,green,reference-page,https://bitbead.pomodiary.com/zh/colors/mard,2026-05-17,medium
MARD,mard221,mard221-public-page-draft-2026-05-17,B26,#8D7A35,141,122,53,brown,reference-page,https://bitbead.pomodiary.com/zh/colors/mard,2026-05-17,medium
MARD,mard221,mard221-public-page-draft-2026-05-17,B27,#CCE1AF,204,225,175,olive,reference-page,https://bitbead.pomodiary.com/zh/colors/mard,2026-05-17,medium
MARD,mard221,mard221-public-page-draft-2026-05-17,B28,#9EE5B9,158,229,185,green,reference-page,https://bitbead.pomodiary.com/zh/colors/mard,2026-05-17,medium
MARD,mard221,mard221-public-page-draft-2026-05-17,B29,#C5E254,197,226,84,olive,reference-page,https://bitbead.pomodiary.com/zh/colors/mard,2026-05-17,medium
MARD,mard221,mard221-public-page-draft-2026-05-17,B30,#E2FCB1,226,252,177,olive,reference-page,https://bitbead.pomodiary.com/zh/colors/mard,2026-05-17,medium
MARD,mard221,mard221-public-page-draft-2026-05-17,B31,#B0E792,176,231,146,green,reference-page,https://bitbead.pomodiary.com/zh/colors/mard,2026-05-17,medium
MARD,mard221,mard221-public-page-draft-2026-05-17,B32,#9CAB5A,156,171,90,olive,reference-page,https://bitbead.pomodiary.com/zh/colors/mard,2026-05-17,medium
MARD,mard221,mard221-public-page-draft-2026-05-17,C1,#E8FFE7,232,255,231,green,reference-page,https://bitbead.pomodiary.com/zh/colors/mard,2026-05-17,medium
MARD,mard221,mard221-public-page-draft-2026-05-17,C2,#A9F9FC,169,249,252,cyan,reference-page,https://bitbead.pomodiary.com/zh/colors/mard,2026-05-17,medium
MARD,mard221,mard221-public-page-draft-2026-05-17,C3,#A0E2FB,160,226,251,blue,reference-page,https://bitbead.pomodiary.com/zh/colors/mard,2026-05-17,medium
MARD,mard221,mard221-public-page-draft-2026-05-17,C4,#41CCFF,65,204,255,blue,reference-page,https://bitbead.pomodiary.com/zh/colors/mard,2026-05-17,medium
MARD,mard221,mard221-public-page-draft-2026-05-17,C5,#01ACEB,1,172,235,blue,reference-page,https://bitbead.pomodiary.com/zh/colors/mard,2026-05-17,medium
MARD,mard221,mard221-public-page-draft-2026-05-17,C6,#50AAF0,80,170,240,blue,reference-page,https://bitbead.pomodiary.com/zh/colors/mard,2026-05-17,medium
MARD,mard221,mard221-public-page-draft-2026-05-17,C7,#3677D2,54,119,210,blue,reference-page,https://bitbead.pomodiary.com/zh/colors/mard,2026-05-17,medium
MARD,mard221,mard221-public-page-draft-2026-05-17,C8,#0F54C0,15,84,192,blue,reference-page,https://bitbead.pomodiary.com/zh/colors/mard,2026-05-17,medium
MARD,mard221,mard221-public-page-draft-2026-05-17,C9,#324BCA,50,75,202,blue,reference-page,https://bitbead.pomodiary.com/zh/colors/mard,2026-05-17,medium
MARD,mard221,mard221-public-page-draft-2026-05-17,C10,#3EBCE2,62,188,226,blue,reference-page,https://bitbead.pomodiary.com/zh/colors/mard,2026-05-17,medium
MARD,mard221,mard221-public-page-draft-2026-05-17,C11,#28DDDE,40,221,222,cyan,reference-page,https://bitbead.pomodiary.com/zh/colors/mard,2026-05-17,medium
MARD,mard221,mard221-public-page-draft-2026-05-17,C12,#1C334D,28,51,77,blue,reference-page,https://bitbead.pomodiary.com/zh/colors/mard,2026-05-17,medium
MARD,mard221,mard221-public-page-draft-2026-05-17,C13,#CDE8FF,205,232,255,blue,reference-page,https://bitbead.pomodiary.com/zh/colors/mard,2026-05-17,medium
MARD,mard221,mard221-public-page-draft-2026-05-17,C14,#D5FDFF,213,253,255,cyan,reference-page,https://bitbead.pomodiary.com/zh/colors/mard,2026-05-17,medium
MARD,mard221,mard221-public-page-draft-2026-05-17,C15,#22C4C6,34,196,198,cyan,reference-page,https://bitbead.pomodiary.com/zh/colors/mard,2026-05-17,medium
MARD,mard221,mard221-public-page-draft-2026-05-17,C16,#1557A8,21,87,168,blue,reference-page,https://bitbead.pomodiary.com/zh/colors/mard,2026-05-17,medium
MARD,mard221,mard221-public-page-draft-2026-05-17,C17,#04D1F6,4,209,246,cyan,reference-page,https://bitbead.pomodiary.com/zh/colors/mard,2026-05-17,medium
MARD,mard221,mard221-public-page-draft-2026-05-17,C18,#1D3344,29,51,68,blue,reference-page,https://bitbead.pomodiary.com/zh/colors/mard,2026-05-17,medium
MARD,mard221,mard221-public-page-draft-2026-05-17,C19,#1887A2,24,135,162,blue,reference-page,https://bitbead.pomodiary.com/zh/colors/mard,2026-05-17,medium
MARD,mard221,mard221-public-page-draft-2026-05-17,C20,#176DAF,23,109,175,blue,reference-page,https://bitbead.pomodiary.com/zh/colors/mard,2026-05-17,medium
MARD,mard221,mard221-public-page-draft-2026-05-17,C21,#BEDDFF,190,221,255,blue,reference-page,https://bitbead.pomodiary.com/zh/colors/mard,2026-05-17,medium
MARD,mard221,mard221-public-page-draft-2026-05-17,C22,#67B4BE,103,180,190,cyan,reference-page,https://bitbead.pomodiary.com/zh/colors/mard,2026-05-17,medium
MARD,mard221,mard221-public-page-draft-2026-05-17,C23,#C8E2FF,200,226,255,blue,reference-page,https://bitbead.pomodiary.com/zh/colors/mard,2026-05-17,medium
MARD,mard221,mard221-public-page-draft-2026-05-17,C24,#7CC4FF,124,196,255,blue,reference-page,https://bitbead.pomodiary.com/zh/colors/mard,2026-05-17,medium
MARD,mard221,mard221-public-page-draft-2026-05-17,C25,#A9E5E5,169,229,229,cyan,reference-page,https://bitbead.pomodiary.com/zh/colors/mard,2026-05-17,medium
MARD,mard221,mard221-public-page-draft-2026-05-17,C26,#3CAED8,60,174,216,blue,reference-page,https://bitbead.pomodiary.com/zh/colors/mard,2026-05-17,medium
MARD,mard221,mard221-public-page-draft-2026-05-17,C27,#D3DFFA,211,223,250,blue,reference-page,https://bitbead.pomodiary.com/zh/colors/mard,2026-05-17,medium
MARD,mard221,mard221-public-page-draft-2026-05-17,C28,#BBCFED,187,207,237,blue,reference-page,https://bitbead.pomodiary.com/zh/colors/mard,2026-05-17,medium
MARD,mard221,mard221-public-page-draft-2026-05-17,C29,#34488E,52,72,142,blue,reference-page,https://bitbead.pomodiary.com/zh/colors/mard,2026-05-17,medium
MARD,mard221,mard221-public-page-draft-2026-05-17,D1,#AEB4F2,174,180,242,blue,reference-page,https://bitbead.pomodiary.com/zh/colors/mard,2026-05-17,medium
MARD,mard221,mard221-public-page-draft-2026-05-17,D2,#858EDD,133,142,221,blue,reference-page,https://bitbead.pomodiary.com/zh/colors/mard,2026-05-17,medium
MARD,mard221,mard221-public-page-draft-2026-05-17,D3,#2F54AF,47,84,175,blue,reference-page,https://bitbead.pomodiary.com/zh/colors/mard,2026-05-17,medium
MARD,mard221,mard221-public-page-draft-2026-05-17,D4,#182A84,24,42,132,blue,reference-page,https://bitbead.pomodiary.com/zh/colors/mard,2026-05-17,medium
MARD,mard221,mard221-public-page-draft-2026-05-17,D5,#B843C5,184,67,197,blue,reference-page,https://bitbead.pomodiary.com/zh/colors/mard,2026-05-17,medium
MARD,mard221,mard221-public-page-draft-2026-05-17,D6,#AC7BDE,172,123,222,blue,reference-page,https://bitbead.pomodiary.com/zh/colors/mard,2026-05-17,medium
MARD,mard221,mard221-public-page-draft-2026-05-17,D7,#8854B3,136,84,179,blue,reference-page,https://bitbead.pomodiary.com/zh/colors/mard,2026-05-17,medium
MARD,mard221,mard221-public-page-draft-2026-05-17,D8,#E2D3FF,226,211,255,purple,reference-page,https://bitbead.pomodiary.com/zh/colors/mard,2026-05-17,medium
MARD,mard221,mard221-public-page-draft-2026-05-17,D9,#D5B9F8,213,185,248,purple,reference-page,https://bitbead.pomodiary.com/zh/colors/mard,2026-05-17,medium
MARD,mard221,mard221-public-page-draft-2026-05-17,D10,#361851,54,24,81,blue,reference-page,https://bitbead.pomodiary.com/zh/colors/mard,2026-05-17,medium
MARD,mard221,mard221-public-page-draft-2026-05-17,D11,#B9BAE1,185,186,225,blue,reference-page,https://bitbead.pomodiary.com/zh/colors/mard,2026-05-17,medium
MARD,mard221,mard221-public-page-draft-2026-05-17,D12,#DE9AD4,222,154,212,purple,reference-page,https://bitbead.pomodiary.com/zh/colors/mard,2026-05-17,medium
MARD,mard221,mard221-public-page-draft-2026-05-17,D13,#B90095,185,0,149,blue,reference-page,https://bitbead.pomodiary.com/zh/colors/mard,2026-05-17,medium
MARD,mard221,mard221-public-page-draft-2026-05-17,D14,#8B279B,139,39,155,blue,reference-page,https://bitbead.pomodiary.com/zh/colors/mard,2026-05-17,medium
MARD,mard221,mard221-public-page-draft-2026-05-17,D15,#2F1F90,47,31,144,blue,reference-page,https://bitbead.pomodiary.com/zh/colors/mard,2026-05-17,medium
MARD,mard221,mard221-public-page-draft-2026-05-17,D16,#E3E1EE,227,225,238,blue,reference-page,https://bitbead.pomodiary.com/zh/colors/mard,2026-05-17,medium
MARD,mard221,mard221-public-page-draft-2026-05-17,D17,#C4D4F6,196,212,246,blue,reference-page,https://bitbead.pomodiary.com/zh/colors/mard,2026-05-17,medium
MARD,mard221,mard221-public-page-draft-2026-05-17,D18,#A45EC7,164,94,199,blue,reference-page,https://bitbead.pomodiary.com/zh/colors/mard,2026-05-17,medium
MARD,mard221,mard221-public-page-draft-2026-05-17,D19,#D8C3D7,216,195,215,purple,reference-page,https://bitbead.pomodiary.com/zh/colors/mard,2026-05-17,medium
MARD,mard221,mard221-public-page-draft-2026-05-17,D20,#9C32B2,156,50,178,blue,reference-page,https://bitbead.pomodiary.com/zh/colors/mard,2026-05-17,medium
MARD,mard221,mard221-public-page-draft-2026-05-17,D21,#9A009B,154,0,155,blue,reference-page,https://bitbead.pomodiary.com/zh/colors/mard,2026-05-17,medium
MARD,mard221,mard221-public-page-draft-2026-05-17,D22,#333A95,51,58,149,blue,reference-page,https://bitbead.pomodiary.com/zh/colors/mard,2026-05-17,medium
MARD,mard221,mard221-public-page-draft-2026-05-17,D23,#EBDAFC,235,218,252,purple,reference-page,https://bitbead.pomodiary.com/zh/colors/mard,2026-05-17,medium
MARD,mard221,mard221-public-page-draft-2026-05-17,D24,#7786E5,119,134,229,blue,reference-page,https://bitbead.pomodiary.com/zh/colors/mard,2026-05-17,medium
MARD,mard221,mard221-public-page-draft-2026-05-17,D25,#494FC7,73,79,199,blue,reference-page,https://bitbead.pomodiary.com/zh/colors/mard,2026-05-17,medium
MARD,mard221,mard221-public-page-draft-2026-05-17,D26,#DFC2F8,223,194,248,purple,reference-page,https://bitbead.pomodiary.com/zh/colors/mard,2026-05-17,medium
MARD,mard221,mard221-public-page-draft-2026-05-17,E1,#FDD3CC,253,211,204,red,reference-page,https://bitbead.pomodiary.com/zh/colors/mard,2026-05-17,medium
MARD,mard221,mard221-public-page-draft-2026-05-17,E2,#FEC0DF,254,192,223,pink,reference-page,https://bitbead.pomodiary.com/zh/colors/mard,2026-05-17,medium
MARD,mard221,mard221-public-page-draft-2026-05-17,E3,#FFB7E7,255,183,231,pink,reference-page,https://bitbead.pomodiary.com/zh/colors/mard,2026-05-17,medium
MARD,mard221,mard221-public-page-draft-2026-05-17,E4,#E8649E,232,100,158,purple,reference-page,https://bitbead.pomodiary.com/zh/colors/mard,2026-05-17,medium
MARD,mard221,mard221-public-page-draft-2026-05-17,E5,#F551A2,245,81,162,purple,reference-page,https://bitbead.pomodiary.com/zh/colors/mard,2026-05-17,medium
MARD,mard221,mard221-public-page-draft-2026-05-17,E6,#F13D74,241,61,116,purple,reference-page,https://bitbead.pomodiary.com/zh/colors/mard,2026-05-17,medium
MARD,mard221,mard221-public-page-draft-2026-05-17,E7,#C63478,198,52,120,purple,reference-page,https://bitbead.pomodiary.com/zh/colors/mard,2026-05-17,medium
MARD,mard221,mard221-public-page-draft-2026-05-17,E8,#FFDBE9,255,219,233,pink,reference-page,https://bitbead.pomodiary.com/zh/colors/mard,2026-05-17,medium
MARD,mard221,mard221-public-page-draft-2026-05-17,E9,#E970CC,233,112,204,blue,reference-page,https://bitbead.pomodiary.com/zh/colors/mard,2026-05-17,medium
MARD,mard221,mard221-public-page-draft-2026-05-17,E10,#D33793,211,55,147,purple,reference-page,https://bitbead.pomodiary.com/zh/colors/mard,2026-05-17,medium
MARD,mard221,mard221-public-page-draft-2026-05-17,E11,#FCDDD2,252,221,210,orange,reference-page,https://bitbead.pomodiary.com/zh/colors/mard,2026-05-17,medium
MARD,mard221,mard221-public-page-draft-2026-05-17,E12,#F78FC3,247,143,195,pink,reference-page,https://bitbead.pomodiary.com/zh/colors/mard,2026-05-17,medium
MARD,mard221,mard221-public-page-draft-2026-05-17,E13,#B5006D,181,0,109,purple,reference-page,https://bitbead.pomodiary.com/zh/colors/mard,2026-05-17,medium
MARD,mard221,mard221-public-page-draft-2026-05-17,E14,#FFD1BA,255,209,186,cream,reference-page,https://bitbead.pomodiary.com/zh/colors/mard,2026-05-17,medium
MARD,mard221,mard221-public-page-draft-2026-05-17,E15,#F8C7C9,248,199,201,pink,reference-page,https://bitbead.pomodiary.com/zh/colors/mard,2026-05-17,medium
MARD,mard221,mard221-public-page-draft-2026-05-17,E16,#FFF3EB,255,243,235,cream,reference-page,https://bitbead.pomodiary.com/zh/colors/mard,2026-05-17,medium
MARD,mard221,mard221-public-page-draft-2026-05-17,E17,#FFE2EA,255,226,234,pink,reference-page,https://bitbead.pomodiary.com/zh/colors/mard,2026-05-17,medium
MARD,mard221,mard221-public-page-draft-2026-05-17,E18,#FFC7DB,255,199,219,pink,reference-page,https://bitbead.pomodiary.com/zh/colors/mard,2026-05-17,medium
MARD,mard221,mard221-public-page-draft-2026-05-17,E19,#FEBAD5,254,186,213,pink,reference-page,https://bitbead.pomodiary.com/zh/colors/mard,2026-05-17,medium
MARD,mard221,mard221-public-page-draft-2026-05-17,E20,#D8C7D1,216,199,209,pink,reference-page,https://bitbead.pomodiary.com/zh/colors/mard,2026-05-17,medium
MARD,mard221,mard221-public-page-draft-2026-05-17,E21,#BD9DA1,189,157,161,red,reference-page,https://bitbead.pomodiary.com/zh/colors/mard,2026-05-17,medium
MARD,mard221,mard221-public-page-draft-2026-05-17,E22,#B785A1,183,133,161,purple,reference-page,https://bitbead.pomodiary.com/zh/colors/mard,2026-05-17,medium
MARD,mard221,mard221-public-page-draft-2026-05-17,E23,#937A8D,147,122,141,blue,reference-page,https://bitbead.pomodiary.com/zh/colors/mard,2026-05-17,medium
MARD,mard221,mard221-public-page-draft-2026-05-17,E24,#E1BCE8,225,188,232,purple,reference-page,https://bitbead.pomodiary.com/zh/colors/mard,2026-05-17,medium
MARD,mard221,mard221-public-page-draft-2026-05-17,F1,#FD957B,253,149,123,orange,reference-page,https://bitbead.pomodiary.com/zh/colors/mard,2026-05-17,medium
MARD,mard221,mard221-public-page-draft-2026-05-17,F2,#FC3D46,252,61,70,red,reference-page,https://bitbead.pomodiary.com/zh/colors/mard,2026-05-17,medium
MARD,mard221,mard221-public-page-draft-2026-05-17,F3,#F74941,247,73,65,red,reference-page,https://bitbead.pomodiary.com/zh/colors/mard,2026-05-17,medium
MARD,mard221,mard221-public-page-draft-2026-05-17,F4,#FC283C,252,40,60,red,reference-page,https://bitbead.pomodiary.com/zh/colors/mard,2026-05-17,medium
MARD,mard221,mard221-public-page-draft-2026-05-17,F5,#E7002F,231,0,47,red,reference-page,https://bitbead.pomodiary.com/zh/colors/mard,2026-05-17,medium
MARD,mard221,mard221-public-page-draft-2026-05-17,F6,#943630,148,54,48,red,reference-page,https://bitbead.pomodiary.com/zh/colors/mard,2026-05-17,medium
MARD,mard221,mard221-public-page-draft-2026-05-17,F7,#971937,151,25,55,red,reference-page,https://bitbead.pomodiary.com/zh/colors/mard,2026-05-17,medium
MARD,mard221,mard221-public-page-draft-2026-05-17,F8,#BC0028,188,0,40,red,reference-page,https://bitbead.pomodiary.com/zh/colors/mard,2026-05-17,medium
MARD,mard221,mard221-public-page-draft-2026-05-17,F9,#E2677A,226,103,122,red,reference-page,https://bitbead.pomodiary.com/zh/colors/mard,2026-05-17,medium
MARD,mard221,mard221-public-page-draft-2026-05-17,F10,#8A4526,138,69,38,brown,reference-page,https://bitbead.pomodiary.com/zh/colors/mard,2026-05-17,medium
MARD,mard221,mard221-public-page-draft-2026-05-17,F11,#5A2121,90,33,33,brown,reference-page,https://bitbead.pomodiary.com/zh/colors/mard,2026-05-17,medium
MARD,mard221,mard221-public-page-draft-2026-05-17,F12,#FD4E6A,253,78,106,red,reference-page,https://bitbead.pomodiary.com/zh/colors/mard,2026-05-17,medium
MARD,mard221,mard221-public-page-draft-2026-05-17,F13,#F35744,243,87,68,red,reference-page,https://bitbead.pomodiary.com/zh/colors/mard,2026-05-17,medium
MARD,mard221,mard221-public-page-draft-2026-05-17,F14,#FFA9AD,255,169,173,pink,reference-page,https://bitbead.pomodiary.com/zh/colors/mard,2026-05-17,medium
MARD,mard221,mard221-public-page-draft-2026-05-17,F15,#D30022,211,0,34,red,reference-page,https://bitbead.pomodiary.com/zh/colors/mard,2026-05-17,medium
MARD,mard221,mard221-public-page-draft-2026-05-17,F16,#FEC2A6,254,194,166,orange,reference-page,https://bitbead.pomodiary.com/zh/colors/mard,2026-05-17,medium
MARD,mard221,mard221-public-page-draft-2026-05-17,F17,#E69C79,230,156,121,orange,reference-page,https://bitbead.pomodiary.com/zh/colors/mard,2026-05-17,medium
MARD,mard221,mard221-public-page-draft-2026-05-17,F18,#D37C46,211,124,70,orange,reference-page,https://bitbead.pomodiary.com/zh/colors/mard,2026-05-17,medium
MARD,mard221,mard221-public-page-draft-2026-05-17,F19,#C1444A,193,68,74,red,reference-page,https://bitbead.pomodiary.com/zh/colors/mard,2026-05-17,medium
MARD,mard221,mard221-public-page-draft-2026-05-17,F20,#CD9391,205,147,145,red,reference-page,https://bitbead.pomodiary.com/zh/colors/mard,2026-05-17,medium
MARD,mard221,mard221-public-page-draft-2026-05-17,F21,#F7B4C6,247,180,198,pink,reference-page,https://bitbead.pomodiary.com/zh/colors/mard,2026-05-17,medium
MARD,mard221,mard221-public-page-draft-2026-05-17,F22,#FDC0D0,253,192,208,pink,reference-page,https://bitbead.pomodiary.com/zh/colors/mard,2026-05-17,medium
MARD,mard221,mard221-public-page-draft-2026-05-17,F23,#F67E66,246,126,102,red,reference-page,https://bitbead.pomodiary.com/zh/colors/mard,2026-05-17,medium
MARD,mard221,mard221-public-page-draft-2026-05-17,F24,#E698AA,230,152,170,pink,reference-page,https://bitbead.pomodiary.com/zh/colors/mard,2026-05-17,medium
MARD,mard221,mard221-public-page-draft-2026-05-17,F25,#E54B4F,229,75,79,red,reference-page,https://bitbead.pomodiary.com/zh/colors/mard,2026-05-17,medium
MARD,mard221,mard221-public-page-draft-2026-05-17,G1,#FFE2CE,255,226,206,cream,reference-page,https://bitbead.pomodiary.com/zh/colors/mard,2026-05-17,medium
MARD,mard221,mard221-public-page-draft-2026-05-17,G2,#FFC4AA,255,196,170,orange,reference-page,https://bitbead.pomodiary.com/zh/colors/mard,2026-05-17,medium
MARD,mard221,mard221-public-page-draft-2026-05-17,G3,#F4C3A5,244,195,165,orange,reference-page,https://bitbead.pomodiary.com/zh/colors/mard,2026-05-17,medium
MARD,mard221,mard221-public-page-draft-2026-05-17,G4,#E1B383,225,179,131,orange,reference-page,https://bitbead.pomodiary.com/zh/colors/mard,2026-05-17,medium
MARD,mard221,mard221-public-page-draft-2026-05-17,G5,#EDB045,237,176,69,orange,reference-page,https://bitbead.pomodiary.com/zh/colors/mard,2026-05-17,medium
MARD,mard221,mard221-public-page-draft-2026-05-17,G6,#E99C17,233,156,23,orange,reference-page,https://bitbead.pomodiary.com/zh/colors/mard,2026-05-17,medium
MARD,mard221,mard221-public-page-draft-2026-05-17,G7,#9D5B3E,157,91,62,peach,reference-page,https://bitbead.pomodiary.com/zh/colors/mard,2026-05-17,medium
MARD,mard221,mard221-public-page-draft-2026-05-17,G8,#753832,117,56,50,brown,reference-page,https://bitbead.pomodiary.com/zh/colors/mard,2026-05-17,medium
MARD,mard221,mard221-public-page-draft-2026-05-17,G9,#E6B483,230,180,131,orange,reference-page,https://bitbead.pomodiary.com/zh/colors/mard,2026-05-17,medium
MARD,mard221,mard221-public-page-draft-2026-05-17,G10,#D98C39,217,140,57,orange,reference-page,https://bitbead.pomodiary.com/zh/colors/mard,2026-05-17,medium
MARD,mard221,mard221-public-page-draft-2026-05-17,G11,#E0C593,224,197,147,orange,reference-page,https://bitbead.pomodiary.com/zh/colors/mard,2026-05-17,medium
MARD,mard221,mard221-public-page-draft-2026-05-17,G12,#FFC890,255,200,144,orange,reference-page,https://bitbead.pomodiary.com/zh/colors/mard,2026-05-17,medium
MARD,mard221,mard221-public-page-draft-2026-05-17,G13,#B7714A,183,113,74,peach,reference-page,https://bitbead.pomodiary.com/zh/colors/mard,2026-05-17,medium
MARD,mard221,mard221-public-page-draft-2026-05-17,G14,#8D614C,141,97,76,peach,reference-page,https://bitbead.pomodiary.com/zh/colors/mard,2026-05-17,medium
MARD,mard221,mard221-public-page-draft-2026-05-17,G15,#FCF9E0,252,249,224,cream,reference-page,https://bitbead.pomodiary.com/zh/colors/mard,2026-05-17,medium
MARD,mard221,mard221-public-page-draft-2026-05-17,G16,#F2D9BA,242,217,186,orange,reference-page,https://bitbead.pomodiary.com/zh/colors/mard,2026-05-17,medium
MARD,mard221,mard221-public-page-draft-2026-05-17,G17,#78524B,120,82,75,red,reference-page,https://bitbead.pomodiary.com/zh/colors/mard,2026-05-17,medium
MARD,mard221,mard221-public-page-draft-2026-05-17,G18,#FFE4CC,255,228,204,cream,reference-page,https://bitbead.pomodiary.com/zh/colors/mard,2026-05-17,medium
MARD,mard221,mard221-public-page-draft-2026-05-17,G19,#E07935,224,121,53,orange,reference-page,https://bitbead.pomodiary.com/zh/colors/mard,2026-05-17,medium
MARD,mard221,mard221-public-page-draft-2026-05-17,G20,#A94023,169,64,35,brown,reference-page,https://bitbead.pomodiary.com/zh/colors/mard,2026-05-17,medium
MARD,mard221,mard221-public-page-draft-2026-05-17,G21,#B88558,184,133,88,peach,reference-page,https://bitbead.pomodiary.com/zh/colors/mard,2026-05-17,medium
MARD,mard221,mard221-public-page-draft-2026-05-17,H1,#FDFBFF,253,251,255,purple,reference-page,https://bitbead.pomodiary.com/zh/colors/mard,2026-05-17,medium
MARD,mard221,mard221-public-page-draft-2026-05-17,H2,#FEFFFF,254,255,255,cyan,reference-page,https://bitbead.pomodiary.com/zh/colors/mard,2026-05-17,medium
MARD,mard221,mard221-public-page-draft-2026-05-17,H3,#B6B1BA,182,177,186,purple,reference-page,https://bitbead.pomodiary.com/zh/colors/mard,2026-05-17,medium
MARD,mard221,mard221-public-page-draft-2026-05-17,H4,#89858C,137,133,140,gray,reference-page,https://bitbead.pomodiary.com/zh/colors/mard,2026-05-17,medium
MARD,mard221,mard221-public-page-draft-2026-05-17,H5,#48464E,72,70,78,gray,reference-page,https://bitbead.pomodiary.com/zh/colors/mard,2026-05-17,medium
MARD,mard221,mard221-public-page-draft-2026-05-17,H6,#2F2B2F,47,43,47,black,reference-page,https://bitbead.pomodiary.com/zh/colors/mard,2026-05-17,medium
MARD,mard221,mard221-public-page-draft-2026-05-17,H7,#000000,0,0,0,black,reference-page,https://bitbead.pomodiary.com/zh/colors/mard,2026-05-17,medium
MARD,mard221,mard221-public-page-draft-2026-05-17,H8,#E7D6DB,231,214,219,pink,reference-page,https://bitbead.pomodiary.com/zh/colors/mard,2026-05-17,medium
MARD,mard221,mard221-public-page-draft-2026-05-17,H9,#EDEDED,237,237,237,gray,reference-page,https://bitbead.pomodiary.com/zh/colors/mard,2026-05-17,medium
MARD,mard221,mard221-public-page-draft-2026-05-17,H10,#EEE9EA,238,233,234,pink,reference-page,https://bitbead.pomodiary.com/zh/colors/mard,2026-05-17,medium
MARD,mard221,mard221-public-page-draft-2026-05-17,H11,#CECDD5,206,205,213,blue,reference-page,https://bitbead.pomodiary.com/zh/colors/mard,2026-05-17,medium
MARD,mard221,mard221-public-page-draft-2026-05-17,H12,#FFF5ED,255,245,237,cream,reference-page,https://bitbead.pomodiary.com/zh/colors/mard,2026-05-17,medium
MARD,mard221,mard221-public-page-draft-2026-05-17,H13,#F5ECD2,245,236,210,cream,reference-page,https://bitbead.pomodiary.com/zh/colors/mard,2026-05-17,medium
MARD,mard221,mard221-public-page-draft-2026-05-17,H14,#CFD7D3,207,215,211,green,reference-page,https://bitbead.pomodiary.com/zh/colors/mard,2026-05-17,medium
MARD,mard221,mard221-public-page-draft-2026-05-17,H15,#98A6A8,152,166,168,cyan,reference-page,https://bitbead.pomodiary.com/zh/colors/mard,2026-05-17,medium
MARD,mard221,mard221-public-page-draft-2026-05-17,H16,#1D1414,29,20,20,brown,reference-page,https://bitbead.pomodiary.com/zh/colors/mard,2026-05-17,medium
MARD,mard221,mard221-public-page-draft-2026-05-17,H17,#F1EDED,241,237,237,red,reference-page,https://bitbead.pomodiary.com/zh/colors/mard,2026-05-17,medium
MARD,mard221,mard221-public-page-draft-2026-05-17,H18,#FFFDF0,255,253,240,cream,reference-page,https://bitbead.pomodiary.com/zh/colors/mard,2026-05-17,medium
MARD,mard221,mard221-public-page-draft-2026-05-17,H19,#F6EFE2,246,239,226,cream,reference-page,https://bitbead.pomodiary.com/zh/colors/mard,2026-05-17,medium
MARD,mard221,mard221-public-page-draft-2026-05-17,H20,#949FA3,148,159,163,blue,reference-page,https://bitbead.pomodiary.com/zh/colors/mard,2026-05-17,medium
MARD,mard221,mard221-public-page-draft-2026-05-17,H21,#FFFBE1,255,251,225,cream,reference-page,https://bitbead.pomodiary.com/zh/colors/mard,2026-05-17,medium
MARD,mard221,mard221-public-page-draft-2026-05-17,H22,#CACAD4,202,202,212,blue,reference-page,https://bitbead.pomodiary.com/zh/colors/mard,2026-05-17,medium
MARD,mard221,mard221-public-page-draft-2026-05-17,H23,#9A9D94,154,157,148,gray,reference-page,https://bitbead.pomodiary.com/zh/colors/mard,2026-05-17,medium
MARD,mard221,mard221-public-page-draft-2026-05-17,M1,#BCC6B8,188,198,184,green,reference-page,https://bitbead.pomodiary.com/zh/colors/mard,2026-05-17,medium
MARD,mard221,mard221-public-page-draft-2026-05-17,M2,#8AA386,138,163,134,green,reference-page,https://bitbead.pomodiary.com/zh/colors/mard,2026-05-17,medium
MARD,mard221,mard221-public-page-draft-2026-05-17,M3,#697D80,105,125,128,cyan,reference-page,https://bitbead.pomodiary.com/zh/colors/mard,2026-05-17,medium
MARD,mard221,mard221-public-page-draft-2026-05-17,M4,#E3D2BC,227,210,188,tan,reference-page,https://bitbead.pomodiary.com/zh/colors/mard,2026-05-17,medium
MARD,mard221,mard221-public-page-draft-2026-05-17,M5,#D0CCAA,208,204,170,yellow,reference-page,https://bitbead.pomodiary.com/zh/colors/mard,2026-05-17,medium
MARD,mard221,mard221-public-page-draft-2026-05-17,M6,#B0A782,176,167,130,peach,reference-page,https://bitbead.pomodiary.com/zh/colors/mard,2026-05-17,medium
MARD,mard221,mard221-public-page-draft-2026-05-17,M7,#B4A497,180,164,151,peach,reference-page,https://bitbead.pomodiary.com/zh/colors/mard,2026-05-17,medium
MARD,mard221,mard221-public-page-draft-2026-05-17,M8,#B38281,179,130,129,red,reference-page,https://bitbead.pomodiary.com/zh/colors/mard,2026-05-17,medium
MARD,mard221,mard221-public-page-draft-2026-05-17,M9,#A58767,165,135,103,peach,reference-page,https://bitbead.pomodiary.com/zh/colors/mard,2026-05-17,medium
MARD,mard221,mard221-public-page-draft-2026-05-17,M10,#C5B2BC,197,178,188,pink,reference-page,https://bitbead.pomodiary.com/zh/colors/mard,2026-05-17,medium
MARD,mard221,mard221-public-page-draft-2026-05-17,M11,#9F7594,159,117,148,blue,reference-page,https://bitbead.pomodiary.com/zh/colors/mard,2026-05-17,medium
MARD,mard221,mard221-public-page-draft-2026-05-17,M12,#644749,100,71,73,red,reference-page,https://bitbead.pomodiary.com/zh/colors/mard,2026-05-17,medium
MARD,mard221,mard221-public-page-draft-2026-05-17,M13,#D19066,209,144,102,orange,reference-page,https://bitbead.pomodiary.com/zh/colors/mard,2026-05-17,medium
MARD,mard221,mard221-public-page-draft-2026-05-17,M14,#C77362,199,115,98,red,reference-page,https://bitbead.pomodiary.com/zh/colors/mard,2026-05-17,medium
MARD,mard221,mard221-public-page-draft-2026-05-17,M15,#757D78,117,125,120,gray,reference-page,https://bitbead.pomodiary.com/zh/colors/mard,2026-05-17,medium
